chapter-41.md	para 74	8w	lira looked at him for a long moment
chapter-42.md	para 65	8w	on the thirty ninth night of the six
chapter-43.md	para 12	9w	on the thirty ninth night of the six weeks
chapter-43.md	para 66	9w	the way he thought about everything worth thinking about
chapter-43.md	para 87	8w	if we're doing this we're doing it properly
chapter-43.md	para 87	8w	who's ever gone three exchanges with a bronze
chapter-43.md	para 116	9w	for exactly as long as it took them to
chapter-44.md	para 59	8w	she looked at him for a long moment
chapter-45.md	para 21	9w	give it a season before you expect it to
chapter-45.md	para 23	8w	more and that's true whether you spend the
chapter-45.md	para 104	8w	not until you know what you're doing i
chapter-45.md	para 134	8w	kindling and lay still for a moment doing
chapter-46.md	para 41	8w	feryn came off his mark at a walk
chapter-46.md	para 43	9w	the air came down on him like a roof
chapter-46.md	para 45	8w	his own forearms driven back into his chest
chapter-46.md	para 45	8w	out through his teeth the ground swung up
chapter-46.md	para 45	8w	where his arms had been driven into them
chapter-46.md	para 48	8w	he stood in the middle of the circle
chapter-46.md	para 88	9w	word for it the looseness went out of him
chapter-46.md	para 90	8w	walking back to his mark with his forearm
chapter-46.md	para 91	9w	he had not asked for this bout to look
chapter-46.md	para 97	8w	in the third exchange stayed wherever it lived
chapter-46.md	para 102	8w	and in the middle of it falling past
chapter-46.md	para 108	9w	and threw it out it took him six more
chapter-46.md	para 108	8w	speed feryn cared to use reading alone put
chapter-46.md	para 117	9w	and cael answered it the way he had decided
chapter-46.md	para 128	8w	at her table vell looked up from the
chapter-46.md	para 128	8w	with both eyebrows raised which from vell was
chapter-46.md	para 132	9w	by then and cael found her over feryn's shoulder
chapter-46.md	para 132	8w	disappointment and was trying hard not to be
chapter-46.md	para 132	8w	when she saw him looking she gave him
chapter-46.md	para 133	9w	was stiffening by the minute and he had lost
chapter-47.md	para 31	8w	a good bout unfinished on purpose because the
chapter-47.md	para 45	8w	his writing arm was the aching arm and
chapter-47.md	para 73	9w	so i can't quietly forget to doubt it i
chapter-47.md	para 78	9w	the person the path something i haven't got a
chapter-47.md	para 82	8w	thrown with his own speed and put down
chapter-47.md	para 82	8w	in front of forty one people and every
chapter-47.md	para 82	9w	hurt of it was still on him the ribs
chapter-47.md	para 84	9w	holds the step came once on its own terms
chapter-47.md	para 84	9w	a second door i didn't know was there paid
chapter-47.md	para 84	8w	a fall three weeks bought more than i
