chapter-01.md	para 4	23w	sunlight said the dried fruit seller at the outer market who had an ember path and eleven years of certainty about it she
chapter-01.md	para 5	10w	a door opening said the gate guard on merchant row
chapter-01.md	para 6	13w	like remembering something you never knew said the older girl three streets over
chapter-01.md	para 17	10w	it was the morning of the day before his kindling
chapter-01.md	para 62	10w	wider in the northern quadrant where the transit depots were
chapter-01.md	para 62	11w	arguing with a supplier about the weight of a delivery in
chapter-01.md	para 86	10w	in two years than you think you do right now
chapter-01.md	para 100	17w	again it's i don't know it's better when it's done even if it's not what you wanted
chapter-01.md	para 114	10w	he knew joren's result because the whole northern quadrant knew
chapter-01.md	para 118	10w	had wanted whatever would let him build things that lasted
chapter-02.md	para 3	15w	was where cael went when he needed sight lines which was what they called it
chapter-02.md	para 30	14w	hours for standard compliance processing he had looked up what standard compliance processing involved
chapter-02.md	para 32	11w	it's manageable hesk said whatever the result is there are provisions
chapter-02.md	para 40	11w	there was nothing to tell until there was something to tell
chapter-02.md	para 46	14w	she wasn't wrong to call it that but there are different kinds of uncommon
chapter-02.md	para 46	15w	he paused the kind yours showed i've seen it before once a long time ago
chapter-02.md	para 58	11w	dinner was rice with whatever was left in the cold box
chapter-02.md	para 58	15w	who had lived alone for a long time before cael arrived and still thought of
chapter-02.md	para 69	10w	hesk went to the community hall on tuesdays he had
chapter-02.md	para 176	16w	it was complicated he said i know how it started i don't know how it ended
chapter-02.md	para 176	13w	i've spent longer than you've been alive not knowing the rest of it
chapter-02.md	para 180	10w	he lay in the dark and looked at the ceiling
chapter-02.md	para 181	10w	sunlight a door opening like remembering something you never knew
chapter-03.md	para 2	10w	because being early was not something he could stop doing
chapter-03.md	para 7	10w	the morning was cold enough for his breath to show
chapter-03.md	para 34	26w	mark your kindling assessment standard process your arbiter will resolve here in front of the registry ledger she tapped a flat brass plate set into the
chapter-03.md	para 34	11w	takes between three and fifteen minutes any questions before we begin
chapter-03.md	para 52	10w	sunlight a door opening like remembering something you never knew
chapter-03.md	para 64	11w	he had been counting for eleven seconds he was quite certain
chapter-03.md	para 77	10w	weaver's row non standard result a pause yes i'll proceed
chapter-03.md	para 84	12w	and grown sideways instead eleven toward the light he decided though he
chapter-03.md	para 84	10w	except his own attention which had never felt less reliable
chapter-03.md	para 85	10w	something that had started in one direction and was now
chapter-03.md	para 97	10w	he was looking at cael the way he looked at
chapter-03.md	para 101	12w	cael said the word he had not planned to say it so
chapter-03.md	para 107	10w	there are things i should have told you hesk said
chapter-03.md	para 114	12w	you've been watching me for a few years and you never once
chapter-03.md	para 116	12w	what he was other than tired and full in a way that
chapter-03.md	para 116	10w	wanted it i don't know what i am right now
chapter-03.md	para 118	12w	he did not feel good about the logic but he understood it
chapter-03.md	para 121	13w	anyone who told cael otherwise with confidence was telling him more than they
chapter-03.md	para 121	14w	what he believed for whatever a belief was worth against a word like that
chapter-03.md	para 122	13w	it might mean broken it might mean something the system simply had no
chapter-03.md	para 123	11w	whatever cael could do he would have to find by doing
chapter-03.md	para 128	11w	when you find yourself doing something you didn't decide to do
chapter-03.md	para 157	10w	two days east on the merchant road the unranked district
chapter-03.md	para 162	10w	the way a home is safe but it's a place
chapter-03.md	para 162	10w	classification doesn't announce itself and that buys you room to
chapter-03.md	para 162	13w	dealing with before anyone with authority over you gets a vote in it
chapter-03.md	para 166	11w	hesk was quiet long enough that cael thought the question had
chapter-03.md	para 166	25w	loud he said finally bigger than i expected i was younger than you'd think and i didn't understand half of what i was looking at
chapter-03.md	para 166	21w	i understand more of it now looking back than i did standing in it that's most places i think you don't
chapter-03.md	para 166	11w	the shape of somewhere until you're far enough away to see
chapter-03.md	para 168	17w	he meant it as a note there was more to learn and hesk was not the only
chapter-03.md	para 169	10w	between pride and worry the two so tangled together that
chapter-03.md	para 176	14w	i've had a long time to think about what i'd tell you if it
chapter-03.md	para 176	11w	turns out most of it fits on not very many pages
chapter-03.md	para 180	12w	i'm not telling you it was right i'm telling you it helped
chapter-04.md	para 15	11w	a courier in the grey and brass of the city administration
chapter-04.md	para 23	52w	note the registered residence at 14 fen street outer district denvash is held under the standing of an iron tier practitioner registration 22 1190 h continued cohabitation by a shattered classified individual may affect the standing holder's guild status pending compact review the standing holder is advised to consider residential arrangements accordingly
chapter-04.md	para 27	10w	the standing holder is advised to consider residential arrangements accordingly
chapter-04.md	para 28	12w	they're not expelling me he said they're expelling you from having me
chapter-04.md	para 30	10w	easier to make a family choose than to be seen
chapter-04.md	para 38	11w	unranked district with no income and no standing and no way
chapter-04.md	para 38	21w	argument this isn't a fight i win by refusing it's a fight i win by making sure you land somewhere with
chapter-04.md	para 42	12w	i'm doing exactly what i decided to do a long time ago
chapter-04.md	para 42	13w	which is whatever it takes this is the whatever don't make it smaller
chapter-04.md	para 44	13w	cael found the ordinariness of it almost unbearable and then a moment later
chapter-04.md	para 46	12w	pretend there's no risk there is i've decided the risk is mine
chapter-04.md	para 50	10w	the right to change your mind about the cost later
chapter-04.md	para 53	12w	that might never apply to him it applied to him now the
chapter-04.md	para 58	11w	information moved through a system that was supposed to be discreet
chapter-04.md	para 68	16w	a record of what had actually happened to the only other people who had ever stood
chapter-04.md	para 71	13w	neater than it needed to be which was its own kind of tell
chapter-04.md	para 72	10w	the room gave no sign of remembering any of them
chapter-04.md	para 84	11w	from it i told you what you needed to make decisions
chapter-04.md	para 84	12w	would only make you afraid without helping you do anything about it
chapter-04.md	para 84	10w	and you're allowed to think it was the wrong one
chapter-04.md	para 87	15w	i need you to tell me things now cael said as they come not managed
chapter-04.md	para 88	11w	then i need to tell you something now while we're being
chapter-04.md	para 90	26w	competent iron tiers who don't ask questions i was there when that file was opened i saw the beginning of it i didn't see the end
chapter-04.md	para 92	15w	and it had the weight of a true answer that had cost something to give
chapter-04.md	para 92	11w	regional oversight into something higher something i didn't have clearance for
chapter-04.md	para 94	18w	i don't have an answer i have a name i've never told anyone and a promise i made
chapter-04.md	para 94	11w	exist even though i can't finish the story for you yet
chapter-04.md	para 98	29w	not because i don't trust you because a name like that is a thread and i want you strong enough to pull it without it pulling you first he
chapter-04.md	para 101	19w	hesk nodded once and picked his tools back up and for a while they sat in the workshop together
chapter-04.md	para 101	14w	was as it had always been a way of saying several things at once
chapter-04.md	para 103	19w	that evening after the light had gone out of the window and hesk had gone quiet over his book
chapter-04.md	para 105	10w	the gap between the outer district and the inner one
chapter-04.md	para 118	11w	said read it on the road it'll make more sense with
chapter-04.md	para 120	15w	the third thing was not an object hesk sat on the edge of the bed
chapter-04.md	para 125	16w	it was a strange kind of complete everything he owned that mattered and none of it
chapter-05.md	para 5	10w	he got up dressing took longer than it should have
chapter-05.md	para 8	10w	ardenmere's gate opens at dawn and closes at full dark
chapter-05.md	para 78	10w	aunt a face from the market rather than a name
chapter-05.md	para 94	10w	the world was going to keep doing what it did
chapter-05.md	para 103	32w	don't trust the first person who's kind to you completely don't distrust them completely either watch the way you already watch everything and let the watching tell you which way to lean
chapter-05.md	para 103	17w	i know i'm repeating myself i've had two days to say everything i wanted to say and
chapter-05.md	para 105	15w	i could and then another two after that and i'd still be standing here finding
chapter-05.md	para 105	24w	at some point i have to trust that what you're carrying is enough not because it's complete because it's what there is and you're
chapter-05.md	para 111	14w	his grip was firmer than cael expected the grip of a man who worked
chapter-05.md	para 112	49w	whatever you find out there hesk said whatever you turn out to be able to do you were worth raising before any of it and you'll still be worth it no matter what it turns out to be i need you to actually believe that not just hear it
chapter-05.md	para 118	14w	said quietly it's more than enough go on then before i decide it isn't
chapter-05.md	para 121	14w	settled the strap across his shoulder the same shoulder hesk had just held and
chapter-05.md	para 123	20w	he looked back once from far enough down the road that hesk was a shape rather than a person a
chapter-05.md	para 123	21w	look back again because looking back a second time would have made it harder and he needed it to stay possible
chapter-05.md	para 128	11w	to decide in that half second what to do about it
chapter-05.md	para 128	10w	dramatic it did something smaller and cael thought more honest
chapter-05.md	para 130	10w	back without meeting cael's eyes and waved him through the
chapter-05.md	para 131	12w	cael the moment his back was turned he suspected it had that
chapter-05.md	para 131	12w	he was going to matter enormously to himself for a long time
chapter-05.md	para 131	17w	and to almost everyone else for exactly as long as it took them to finish the sentence
chapter-05.md	para 132	10w	because it was information and information went in the notebook
chapter-05.md	para 133	16w	gate guard denvash outer gate saw shattered didn't ask questions waved me through faster than routine
chapter-05.md	para 135	18w	this is useful fear that wants to look away is fear that isn't paying close attention remember this
chapter-06.md	para 6	11w	less alone than the empty road had been making him feel
chapter-06.md	para 11	10w	had to think about in the city where distances were
