chapter-41.md	para 119	8w	who had not yet undergone formal kindling assessment
chapter-42.md	para 31	8w	proceedings the subject hears about secondhand secondhand breeds
chapter-42.md	para 45	8w	challenge of this kind compels a public adjudication
chapter-42.md	para 48	8w	late kindlers disputed assessments children your own registry
chapter-42.md	para 48	9w	hearing voids the category every one of those enrollments
chapter-42.md	para 60	9w	was a rarer sight than quenna blunt at the
chapter-42.md	para 61	8w	of them pretending the academy's counsel will fight
chapter-42.md	para 65	8w	be spending the rest of his life inside
chapter-42.md	para 71	9w	himself before the notice could tell them for him
chapter-42.md	para 73	9w	her face the look of a girl who had
chapter-42.md	para 81	8w	three weeks she said what do you need
chapter-43.md	para 4	8w	in ink by a system that had spent
chapter-43.md	para 5	9w	the whole of his standing in the world four
chapter-43.md	para 5	9w	without his noticing the moment it happened the fear
chapter-43.md	para 14	8w	where do you keep the compact's registry code
chapter-43.md	para 14	8w	not what people say it says the code
chapter-43.md	para 18	8w	the bound volumes of the compact's registry code
chapter-43.md	para 20	8w	who enforces it has read it whole in
chapter-43.md	para 23	8w	reading table's where it's always been i lock
chapter-43.md	para 26	9w	and decide whether the observer was allowed to exist
chapter-43.md	para 30	9w	somewhere after midnight on the second night the pattern
chapter-43.md	para 68	8w	a man squares a document he has read
chapter-43.md	para 71	8w	went on because i think it matters that
chapter-43.md	para 71	8w	the enrollment itself that survives a competent challenge
chapter-43.md	para 72	9w	being right about people other institutions were wrong about
chapter-43.md	para 77	8w	it was the silence of people who had
chapter-43.md	para 77	9w	two hundred students on one side of the scale
chapter-43.md	para 77	8w	one on the other and an honest man
chapter-43.md	para 77	9w	for all of it he had found running the
chapter-43.md	para 79	9w	for the first time since cael had known him
chapter-43.md	para 79	8w	this is your enrollment not mine to trade
chapter-43.md	para 81	8w	there was always running there had been running
chapter-43.md	para 81	9w	built out of two nights of lamplight and a
chapter-43.md	para 84	8w	i want three weeks to find out whether
chapter-43.md	para 84	9w	because nobody with a reason to check ever checked
chapter-43.md	para 86	8w	watched because quenna was the one who had
chapter-43.md	para 92	8w	i know what it costs if i'm wrong
chapter-43.md	para 95	8w	that was the whole of who naveth was
chapter-43.md	para 95	8w	out of doubling the bets other people folded
chapter-43.md	para 97	9w	that's the second useful thing you've done for me
chapter-44.md	para 8	8w	and i think you know that better than
chapter-44.md	para 9	9w	page into the columns of a search she would
chapter-44.md	para 9	9w	for three weeks he suspected without being able to
chapter-44.md	para 19	8w	be better on a floor than most people
chapter-44.md	para 21	9w	for a moment cael stood alone at the junction
chapter-44.md	para 21	8w	experience of seeing it from outside five people
chapter-44.md	para 27	8w	you'll read it in enactment order she said
chapter-44.md	para 34	9w	cael looked at the card and then at her
chapter-44.md	para 36	8w	then you already know how to read law
chapter-44.md	para 38	8w	he took the text and the first evening's
chapter-44.md	para 39	8w	he drew it as a declaration tree because
chapter-44.md	para 43	9w	wrote things down about people the schedule couldn't hold
chapter-44.md	para 49	9w	at the magistrate like a man reaching for a
chapter-44.md	para 51	8w	secret of every ranked fighter and every courtroom
chapter-44.md	para 53	8w	drained out of his head he noticed that
chapter-44.md	para 53	9w	in which he had thought about nothing at all
chapter-44.md	para 58	8w	that night back in his room with the
chapter-44.md	para 73	9w	an hour uncertain about what it was missing he
chapter-44.md	para 74	8w	charter in front of him with both hands
chapter-44.md	para 79	9w	i'm studying it he said the way i'd study
chapter-44.md	para 80	8w	then she went back to her desk and
chapter-44.md	para 80	8w	with a second volume and a third and
chapter-44.md	para 84	9w	a treaty among guilds that did not entirely trust
chapter-44.md	para 85	8w	defensive amendment was a scar and a scar
chapter-45.md	para 6	8w	he sat with that for a long time
chapter-45.md	para 11	9w	in a different language stop watching your own feet
chapter-45.md	para 20	8w	the schedule drew its life from the charter
chapter-45.md	para 27	8w	that was why the schedule had no scars
chapter-45.md	para 31	9w	he had never read anything and he had spent
chapter-45.md	para 31	9w	written down in the schedule itself in the flat
chapter-45.md	para 35	8w	not once not as a footnote not as
chapter-45.md	para 37	9w	existed nowhere in the code it existed only in
chapter-45.md	para 37	9w	at the moment of a kindling a flag the
chapter-45.md	para 48	9w	says classification shall mean designation under the schedule not
chapter-45.md	para 49	9w	longer than the argument on its face should have
chapter-45.md	para 49	9w	she read the definitions clause twice her lips moving
chapter-45.md	para 49	8w	how seriously to take a fifteen year old
chapter-45.md	para 50	8w	sixty years i've kept these shelves she said
chapter-45.md	para 53	9w	left for it at the corner of the table
chapter-45.md	para 53	9w	every night for a week without either of them
chapter-45.md	para 54	8w	it has to come from me or it
chapter-45.md	para 58	8w	that he thought the conversation had ended and
chapter-45.md	para 58	8w	then she picked up the empty tea tin
chapter-46.md	para 29	8w	lira came for him on the eighth day
chapter-46.md	para 30	9w	ink on your face and your shoulders are up
chapter-46.md	para 34	8w	somewhere in the fourth sequence you went missing
chapter-46.md	para 36	8w	the argument needs the arguer she stepped back
chapter-46.md	para 36	8w	body for three weeks you study him and
chapter-46.md	para 61	8w	she looked at him for a long moment
chapter-46.md	para 131	8w	he got most of a page into it
chapter-46.md	para 132	9w	and poison everything he said after it a fallback
chapter-46.md	para 132	9w	it was a hole in his own guard cut
chapter-46.md	para 134	8w	the outline over and this time he wrote
chapter-46.md	para 135	9w	not going to argue that my enrollment is valid
chapter-46.md	para 140	8w	it was the entire life of a person
chapter-46.md	para 140	9w	by procedure into eleven words and he did not
chapter-46.md	para 141	9w	the chance to answer he would be the first
chapter-46.md	para 143	8w	alone at the long table with the lamp
chapter-46.md	para 145	9w	it was the kind of argument that made enemies
